Metric,Percent Positive,Percent Negative,Percent Neutral
Mean,0.49156809832110093,0.20824960471559636,0.30018229699082566
Standard Deviation,0.11175387534691175,0.0742428332234666,0.09375538197246078
T-Statistic,0.9798484230005564,0.4058406913638298,-1.2767704444858192
P-Value,0.3358597536016613,0.6880580685448277,0.2125554317431116
