Metric,Percent Positive,Percent Negative,Percent Neutral
Mean,0.48042449324761904,0.21082658662857146,0.3087489201238095
Standard Deviation,0.13729885553285845,0.09845675925897042,0.11282302845731164
T-Statistic,0.4320728019789749,-1.5683734646712608,1.0072041575739943
P-Value,0.6693923963230096,0.12936571602402613,0.3234864103646802
