Metric,Percent Positive,Percent Negative,Percent Neutral
Mean,0.459764693,0.239204271,0.301031036
Standard Deviation,0.099023454,0.079584583,0.089159731
T-Statistic,-0.213455778,-0.517071826,0.849532981
P-Value,0.832575124,0.609316217,0.403054953