Test,Chi-square statistic,P-value,Degrees of freedom,Expected frequencies
Race,21.070573870573867,0.0001017824139486039,3,"[[29.25, 9.75], [10.5, 3.5], [15.75, 5.25], [7.5, 2.5]]"
Age,4.099720610358907,0.1287528884432253,2,"[[11.25, 3.749999999999999], [16.5, 5.499999999999999], [35.25, 11.749999999999998]]"
Tag,59.24433187212442,9.316480435588692e-06,20,"[[5.981012658227847, 1.9936708860759487], [3.760156020017662, 1.253385340005887], [5.749190462172503, 1.9163968207241673], [4.02906976744186, 1.343023255813953], [0.36627906976744173, 0.12209302325581389], [8.373417721518985, 2.7911392405063276], [3.3567853988813656, 1.1189284662937882], [0.5981012658227848, 0.1993670886075949], [1.1962025316455696, 0.3987341772151898], [0.36627906976744173, 0.12209302325581389], [2.9905063291139236, 0.9968354430379743], [3.0275978804827783, 1.0091992934942593], [0.5981012658227848, 0.1993670886075949], [2.7957756844274355, 0.9319252281424781], [0.7325581395348835, 0.24418604651162779], [1.1962025316455696, 0.3987341772151898], [2.7586841330585807, 0.9195613776861933], [6.57911392405063, 2.193037974683543], [0.5981012658227848, 0.1993670886075949], [4.784810126582278, 1.5949367088607591], [3.162054754194877, 1.0540182513982923]]"
