Metric,Approve Count,Oppose Count,Race Counts,Approve by Race,Oppose by Race,Age Counts,Approve by Age,Oppose by Age,Approve by Tag,Oppose by Tag,General Tags
Count,63,21,"{'Latinx': 41, 'Black': 30, 'White': 14, 'Asian': 10}","{'Latinx': 55.55555555555556, 'White': 17.46031746031746, 'Asian': 14.285714285714285, 'Black': 12.698412698412698}","{'Black': 61.904761904761905, 'Latinx': 19.047619047619047, 'White': 14.285714285714285, 'Asian': 4.761904761904762}","{'Mid': 50, 'Young': 24, 'Old': 21}","{'Mid': 52.38095238095239, 'Young': 31.746031746031743, 'Old': 15.873015873015872}","{'Mid': 66.66666666666666, 'Old': 23.809523809523807, 'Young': 9.523809523809524}","{'Sanctuary city': 17.72151898734177, 'Structural problems': 13.924050632911392, 'Pro-Chicago': 12.658227848101266, 'Undocumented': 11.39240506329114, 'OLS': 10.126582278481013, 'Religion': 6.329113924050633, 'Imperialism': 6.329113924050633, 'Housing': 5.063291139240507, 'Cost of living': 2.5316455696202533, 'Jobs': 2.5316455696202533, 'Nationalism': 2.5316455696202533, 'Shelter conditions': 2.5316455696202533, 'Sanctuary City': 1.2658227848101267, 'Ethnic identity': 1.2658227848101267, 'Corruption': 1.2658227848101267, 'Imperalism': 1.2658227848101267, 'Migrant benefit': 1.2658227848101267}","{'Crime': 25.581395348837212, 'Corruption': 16.27906976744186, 'Nationalism': 16.27906976744186, 'Ethnic identity': 13.953488372093023, 'Jobs': 11.627906976744185, 'Mistrust': 4.651162790697675, 'Poverty': 2.3255813953488373, 'Shelter proximity': 2.3255813953488373, 'Undocumented': 2.3255813953488373, 'Housing': 2.3255813953488373, 'Religion': 2.3255813953488373}","{'Sanctuary city': 10.687022900763358, 'Structural problems': 9.16030534351145, 'Crime': 8.396946564885496, 'Undocumented': 8.396946564885496, 'Ethnic identity': 7.633587786259542, 'Nationalism': 7.633587786259542, 'Pro-Chicago': 7.633587786259542, 'Corruption': 6.870229007633588, 'OLS': 6.106870229007633, 'Jobs': 5.343511450381679, 'Religion': 4.580152671755725, 'Imperialism': 3.816793893129771, 'Housing': 3.816793893129771, 'Mistrust': 1.5267175572519083, 'Cost of living': 1.5267175572519083, 'Shelter conditions': 1.5267175572519083, 'Sanctuary City': 0.7633587786259541, 'Multiethnic': 0.7633587786259541, 'Rehabilitate': 0.7633587786259541, 'Shelter proximity': 0.7633587786259541, 'Imperalism': 0.7633587786259541, 'Poverty': 0.7633587786259541, 'Migrant benefit': 0.7633587786259541}"
Percentage,75,25,,,,,,,,,